{
  "id": "specialist-homebrew-tool-kits",
  "title": "Specialist Homebrew: Tool Kits",
  "version": "1.0.0",
  "description": "Everything you need to craft while on-the-go. Proficiency not included.\n\nThis module is a compilation of all my Tool Proficiency supplements for 5th edition Dungeons and Dragons. Each one gives options for characters to explicitly use a different tool kit for mechanical benefits during their adventures. Each supplement also includes a list of add-on/example items to accompany them.",
  "authors": [
    {
      "name": "NickTheRipperEX",
      "url": "https://github.com/NickTheRipperEX",
      "discord": "NickTheRipperEX",
      "flags": {}
    }
  ],
  "compatibility": {
    "minimum": "10",
    "verified": "12"
  },
  "packs": [
    {
      "name": "specialist-homebrew-creatures",
      "label": "Creatures (Specialist Homebrew)",
      "path": "packs/creatures.db",
      "type": "Actor",
      "system": "dnd5e",
      "private": false,
      "flags": {}
    },
    {
      "name": "specialist-homebrew-items",
      "label": "Items (Specialist Homebrew)",
      "path": "packs/items.db",
      "type": "Item",
      "system": "dnd5e",
      "private": false,
      "flags": {}
    },
    {
      "name": "specialist-homebrew-journal-entries",
      "label": "Journal Entries (Specialist Homebrew)",
      "path": "packs/journal-entries.db",
      "type": "JournalEntry",
      "private": false,
      "flags": {}
    },
    {
      "name": "specialist-homebrew-macros",
      "label": "Macros (Specialist Homebrew)",
      "path": "packs/macros.db",
      "type": "Macro",
      "private": false,
      "flags": {}
    },
    {
      "name": "specialist-homebrew-roll-tables",
      "label": "Roll Tables (Specialist Homebrew)",
      "path": "packs/roll-tables.db",
      "type": "RollTable",
      "private": false,
      "flags": {}
    }
  ],
  "manifest": "https://github.com/NickTheRipperEX/specialist-homebrew-tool-kits/releases/latest/download/module.json",
  "download": "https://github.com/NickTheRipperEX/specialist-homebrew-tool-kits/releases/latest/download/specialist-homebrew-tool-kits.zip"
}