{
  "id": "specialist-homebrew-tool-kits",
  "title": "Specialist Homebrew: Tool Kits",
  "version": "1.0.0",
  "description": "Everything you need to craft while on-the-go. Proficiency not included.\n\nThis module is a compilation of all my Tool Proficiency supplements for 5th edition Dungeons and Dragons. Each one gives options for characters to explicitly use a different tool kit for mechanical benefits during their adventures. Each supplement also includes a list of add-on/example items to accompany them.",
  "authors": [
    {
      "name": "NickTheRipperEX",
      "url": "https://github.com/NickTheRipperEX",
      "discord": "NickTheRipperEX"
    }
  ],
  "compatibility": {
      "minimum": "10",
      "verified": "12"
  },
  "packs": [
    {
        "name": "specialist-homebrew-creatures",
        "label": "Creatures (Specialist Homebrew)",
        "path": "./packs/creatures.db",
        "entity": "Actor",
        "type": "Actor",
        "system": "dnd5e"
    },
    {
        "name": "specialist-homebrew-items",
        "label": "Items (Specialist Homebrew)",
        "path": "./packs/items.db",
        "entity": "Item",
        "type": "Item",
        "system": "dnd5e"
    },
    {
        "name": "specialist-homebrew-journal-entries",
        "label": "Journal Entries (Specialist Homebrew)",
        "path": "./packs/journal-entries.db",
        "entity": "JournalEntry",
        "type": "JournalEntry"
    },
    {
        "name": "specialist-homebrew-macros",
        "label": "Macros (Specialist Homebrew)",
        "path": "./packs/macros.db",
        "entity": "Macro",
        "type": "Macro"
    },
    {
        "name": "specialist-homebrew-roll-tables",
        "label": "Roll Tables (Specialist Homebrew)",
        "path": "./packs/roll-tables.db",
        "entity": "RollTable",
        "type": "RollTable"
    }
  ],
  "manifest": "https://github.com/NickTheRipperEX/specialist-homebrew-tool-kits/blob/main/module.json",
  "download": "https://github.com/NickTheRipperEX/specialist-homebrew-tool-kits/blob/main/specialist-homebrew-tool-kits.zip"
}